<?xml version='1.0' encoding='UTF-8'?><feed xmlns='http://www.w3.org/2005/Atom' xmlns:apps='http://schemas.google.com/apps/2006'>
	<title>Mail Filters</title>
	<id>tag:mail.google.com,2008:filters:1322781352078</id>
	<updated>2011-12-01T23:15:57Z</updated>
	<author>
		<name>#buyer name/participation id</name>
		<email>*</email>
	</author>
	<entry>
		<category term='filter'></category>
		<title>Mail Filter</title>
		<id>tag:mail.google.com,2008:filter:1322781352078</id>
		<updated>2011-12-01T23:15:57Z</updated>
		<content></content>
		<apps:property name='hasTheWord' value='shipping, confirmation, Microsoft'/>
		<apps:property name='forwardTo' value='packages@quaere.mailgun.com'/>
	</entry>
</feed>